{
    "size": [3000, 2000],
    "origin": [0, 0],
    "subcanvas": {
        "0": {
            "offset": [0, 0],
            "size": [1000, 1000]
        },
        "1": {
            "offset": [1000, 0],
            "size": [1000, 1000]
        },
        "2": {
            "offset": [2000, 0],
            "size": [1000, 1000]
        },
        "3": {
            "offset": [0, 1000],
            "size": [1000, 1000]
        },
        "4": {
            "offset": [0, 2000],
            "size": [1000, 1000]
        },
        "5": {
            "offset": [0, 3000],
            "size": [1000, 1000]
        }
    },
    "offset": {
        "visual": [-1500, -1000],
        "template_api": [500, 0]
    }
}