{
    "template_urls": [
        "https://template.vtubers.place/api/Template/raw",
        "https://gist.githubusercontent.com/LeftHandedBread/1619ae0c676814bacb7a2fab0a93d3c7/raw",
        "https://raw.githubusercontent.com/AuxiliusM/Anny_Erm/main/annysmol.json"
    ],
    "priority_url": "https://template.vtubers.place/api/Template/raw/priority",
    "names": ["holopro", "vshojo", "nijisanji"],
    "image_path": "template.png",
    "thread_delay": 2,
    "unverified_rate_limit": false,
    "compact_logging": true,
    "using_tor": false,
    "tor_ip": "127.0.0.1",
    "tor_port": 1881,
    "tor_control_port": 9051,
    "tor_password": "Passwort",
    "tor_delay": 5,
    "use_builtin_tor": true,
    "workers": {
        "worker1username": {
            "password": "password",
            "start_coords": [0, 0]
        },
        "worker2username": {
            "password": "password",
            "start_coords": [0, 0]
        }
    }
}
